"Name","val/loss"
"AdamW","1.676139235496521"
"Adam","2.5308499336242676"
"SGD","2.551555871963501"