"Name","val/loss","train/loss"
"Adam","5.638505458831787","5.638325214385986"
"SGD","7.218931198120117","7.213934421539307"
"AdamW","3.3101556301116943","3.28980016708374"