"Name","_wandb","val/loss"
"1337","","3.7290990352630615"
"1339","","5.873038291931152"
"Seed 1339","","3.567199945449829"
"Seed 1337","","3.3101556301116943"